"","value","Class","N","N_cumulative","cumulative_pct","Group"
"1",0.956995353495229,"6820B",175462,175462,0.0813591544234421,"Catégories représentant 50% des données"
"2",0.972997373604728,"6820A",110691,286153,0.13268494668778,"Catégories représentant 50% des données"
"3",0.909306851639303,"7022Z",98361,384514,0.178293498899907,"Catégories représentant 50% des données"
"4",0.986923301106198,"5320Z",78417,462931,0.214654310998384,"Catégories représentant 50% des données"
"5",0.971209434980344,"4799A",52403,515334,0.238952813062943,"Catégories représentant 50% des données"
"6",0.901763568096484,"9609Z",43836,559170,0.259278922951728,"Catégories représentant 50% des données"
"7",0.915706301792253,"5610C",39091,598261,0.277404845975327,"Catégories représentant 50% des données"
"8",0.946263393462634,"6831Z",37017,635278,0.294569085635724,"Catégories représentant 50% des données"
"9",0.992971517642058,"8690E",35264,670542,0.310920484922112,"Catégories représentant 50% des données"
"10",0.894531531142491,"4791A",35110,705652,0.327200476668514,"Catégories représentant 50% des données"
"11",0.994908718443092,"8690D",33181,738833,0.342586019423778,"Catégories représentant 50% des données"
"12",0.917407917330569,"8121Z",32050,770883,0.35744713407693,"Catégories représentant 50% des données"
"13",0.925622089949346,"4619B",29137,800020,0.370957533379547,"Catégories représentant 50% des données"
"14",0.897710398176607,"6201Z",28740,828760,0.384283849608302,"Catégories représentant 50% des données"
"15",0.929188134132832,"4399C",28237,856997,0.397376932118787,"Catégories représentant 50% des données"
"16",0.944853658969489,"8690F",28216,885213,0.410460277237456,"Catégories représentant 50% des données"
"17",0.784213475276649,"6420Z",26917,912130,0.42294129511948,"Catégories représentant 50% des données"
"18",0.971902937420179,"4932Z",24842,936972,0.434460165952978,"Catégories représentant 50% des données"
"19",0.898063009528575,"7410Z",23879,960851,0.445532507818894,"Catégories représentant 50% des données"
"20",0.946271816049972,"4511Z",23822,984673,0.456578419621308,"Catégories représentant 50% des données"
"21",0.933370600503107,"4321A",23091,1007764,0.467285377451446,"Catégories représentant 50% des données"
"22",0.893307382669085,"8559B",22703,1030467,0.477812425375643,"Catégories représentant 50% des données"
"23",0.887769784172662,"9329Z",22561,1053028,0.488273629983748,"Catégories représentant 50% des données"
"24",0.921961562136653,"7021Z",22005,1075033,0.49847702555138,"Catégories représentant 50% des données"
"25",0.829951111521077,"7112B",21446,1096479,0.508421221022565,"Catégories représentant 25% des données"
"26",0.986601588668772,"6910Z",20928,1117407,0.518125227495612,"Catégories représentant 25% des données"
"27",0.971000471335367,"9602B",20111,1137518,0.527450403058468,"Catégories représentant 25% des données"
"28",0.981793423441598,"3511Z",19812,1157330,0.536636936709272,"Catégories représentant 25% des données"
"29",0.762150296099653,"4789Z",19407,1176737,0.545635677803615,"Catégories représentant 25% des données"
"30",0.95427064745519,"4334Z",18648,1195385,0.554282481736594,"Catégories représentant 25% des données"
"31",0.892514341681825,"5610A",17736,1213121,0.562506404653546,"Catégories représentant 25% des données"
"32",0.942680828339168,"8551Z",16875,1229996,0.570331094506024,"Catégories représentant 25% des données"
"33",0.928821186414911,"4520A",16359,1246355,0.577916522731014,"Catégories représentant 25% des données"
"34",0.865173716708137,"6202A",16268,1262623,0.585459755591465,"Catégories représentant 25% des données"
"35",0.862006299975769,"4771Z",16089,1278712,0.592919988778815,"Catégories représentant 25% des données"
"36",0.988039846360428,"9602A",15974,1294686,0.600326898153837,"Catégories représentant 25% des données"
"37",0.978143465277337,"8621Z",15717,1310403,0.607614640400439,"Catégories représentant 25% des données"
"38",0.657595645910037,"4791B",15506,1325909,0.614804545043552,"Catégories représentant 25% des données"
"39",0.733722563003474,"7490B",14190,1340099,0.621384239799502,"Catégories représentant 25% des données"
"40",0.961533052039381,"7420Z",14066,1354165,0.627906437575204,"Catégories représentant 25% des données"
"41",0.899268389375428,"4332A",13743,1367908,0.634278864991062,"Catégories représentant 25% des données"
"42",0.945710798787449,"9003A",12750,1380658,0.640190852879602,"Catégories représentant 25% des données"
"43",0.778803560339474,"9499Z",11594,1392252,0.645566820532914,"Catégories représentant 25% des données"
"44",0.991444295426167,"0149Z",10801,1403053,0.650575085723824,"Catégories représentant 25% des données"
"45",0.943535037704616,"4322A",10751,1413804,0.655560166648506,"Catégories représentant 25% des données"
"46",0.638293765682301,"4778C",10315,1424119,0.660343080771665,"Catégories représentant 25% des données"
"47",0.943952515325484,"4331Z",10249,1434368,0.665095391663402,"Catégories représentant 25% des données"
"48",0.62200864968765,"6630Z",10239,1444607,0.669843065701892,"Catégories représentant 25% des données"
"49",0.801900924634537,"8559A",9696,1454303,0.67433895860913,"Catégories représentant 25% des données"
"50",0.901760600062506,"5630Z",9520,1463823,0.678753242899239,"Catégories représentant 25% des données"
"51",0.757223180983132,"8211Z",9304,1473127,0.683067371159237,"Catégories représentant 25% des données"
"52",0.752377410614674,"4781Z",9232,1482359,0.687348114075864,"Catégories représentant 25% des données"
"53",0.96526448224933,"8622C",9144,1491503,0.691588052683927,"Catégories représentant 25% des données"
"54",0.794956867949569,"4120A",9039,1500542,0.695779304332907,"Catégories représentant 25% des données"
"55",0.808324077862863,"6810Z",8911,1509453,0.699911204260341,"Catégories représentant 25% des données"
"56",0.567074272634179,"8299Z",8765,1518218,0.703975406130384,"Catégories représentant 25% des données"
"57",0.825856627592426,"4711B",8715,1526933,0.708016423734197,"Catégories représentant 25% des données"
"58",0.917812890758213,"8130Z",8686,1535619,0.712043994463597,"Catégories représentant 25% des données"
"59",0.611620391743059,"7010Z",8563,1544182,0.716014531898073,"Catégories représentant 25% des données"
"60",0.874525616698292,"5520Z",8472,1552654,0.71994287396801,"Catégories représentant 25% des données"
"61",0.950578086623135,"6622Z",8348,1561002,0.723813719057699,"Catégories représentant 25% des données"
"62",0.990790766208251,"8623Z",8152,1569154,0.727593681823767,"Catégories représentant 25% des données"
"63",0.931057936066283,"8552Z",8130,1577284,0.731363443512695,"Catégories représentant 25% des données"
"64",0.844024996811631,"8219Z",7947,1585231,0.735048350787222,"Catégories représentant 25% des données"
"65",0.862880886426593,"4110D",7881,1593112,0.738702654830326,"Catégories représentant 25% des données"
"66",0.749198203976908,"4782Z",7728,1600840,0.742286015018768,"Catégories représentant 25% des données"
"67",0.934447983014862,"7111Z",7691,1608531,0.745852218850199,"Catégories représentant 25% des données"
"68",0.82979130767758,"9001Z",7672,1616203,0.749409612660464,"Catégories représentant 25% des données"
"69",0.840999734113268,"6619B",7524,1623727,0.752898381042689,"Catégories représentant 20% des données"
"70",0.640529467381027,"4690Z",7320,1631047,0.756292557618698,"Catégories représentant 20% des données"
"71",0.925959588897434,"4333Z",7239,1638286,0.759649175683414,"Catégories représentant 20% des données"
"72",0.977025725684413,"7430Z",7220,1645506,0.762996983726964,"Catégories représentant 20% des données"
"73",0.972566122678672,"0111Z",7115,1652621,0.766296104811431,"Catégories représentant 20% des données"
"74",0.757603427688418,"7311Z",7060,1659681,0.769569723203046,"Catégories représentant 20% des données"
"75",0.848738888487389,"9529Z",7000,1666681,0.772815520475185,"Catégories représentant 20% des données"
"76",0.906848711737503,"5621Z",6813,1673494,0.775974608591625,"Catégories représentant 20% des données"
"77",0.893157620430348,"9604Z",6764,1680258,0.779110976127161,"Catégories représentant 20% des données"
"78",0.900796178343949,"4312A",6193,1686451,0.781982579342355,"Catégories représentant 20% des données"
"79",0.833642027277319,"4941A",5945,1692396,0.78473918859705,"Catégories représentant 20% des données"
"80",0.967807869187532,"6920Z",5908,1698304,0.787478641494736,"Catégories représentant 20% des données"
"81",0.943697478991597,"3213Z",5886,1704190,0.790207893315281,"Catégories représentant 20% des données"
"82",0.851902875839504,"4322B",5801,1709991,0.792897731883235,"Catégories représentant 20% des données"
"83",0.795755045233125,"8230Z",5755,1715746,0.795566240926258,"Catégories représentant 20% des données"
"84",0.912797485406376,"7739Z",5606,1721352,0.798165660855917,"Catégories représentant 20% des données"
"85",0.876803153839262,"9003B",5603,1726955,0.800763689729602,"Catégories représentant 20% des données"
"86",0.933514739229025,"5814Z",5568,1732523,0.803345489616926,"Catégories représentant 20% des données"
"87",0.856334308084143,"1413Z",5239,1737762,0.80577473703246,"Catégories représentant 20% des données"
"88",0.971484566389025,"0121Z",5107,1742869,0.808142777985148,"Catégories représentant 20% des données"
"89",0.811887132279368,"4941B",5071,1747940,0.810494126266151,"Catégories représentant 20% des données"
"90",0.945765747835606,"1071C",4989,1752929,0.812807452350537,"Catégories représentant 20% des données"
"91",0.934758269720102,"4391B",4875,1757804,0.815067918307919,"Catégories représentant 20% des données"
"92",0.846259655062956,"5911A",4717,1762521,0.817255121984017,"Catégories représentant 20% des données"
"93",0.854282536151279,"5510Z",4516,1767037,0.819349124909871,"Catégories représentant 20% des données"
"94",0.848545414168332,"9312Z",4515,1771552,0.821442664150401,"Catégories représentant 20% des données"
"95",0.802443522360535,"9319Z",4410,1775962,0.823487516431849,"Catégories représentant 20% des données"
"96",0.977197931358721,"0113Z",4260,1780222,0.825462815914608,"Catégories représentant 20% des données"
"97",0.766904560299988,"4339Z",4253,1784475,0.827434869600095,"Catégories représentant 20% des données"
"98",0.863428500803362,"4776Z",4013,1788488,0.82929563880768,"Catégories représentant 20% des données"
"99",0.755420412480169,"8899B",3899,1792387,0.831103547888261,"Catégories représentant 20% des données"
"100",0.838288993218571,"4332B",3871,1796258,0.832898473779754,"Catégories représentant 20% des données"
"101",0.739331340038054,"1813Z",3864,1800122,0.834690153873975,"Catégories représentant 20% des données"
"102",0.961028838659392,"8891A",3860,1803982,0.836479979226897,"Catégories représentant 20% des données"
"103",0.77793981174599,"4779Z",3838,1807820,0.838259603502679,"Catégories représentant 20% des données"
"104",0.596681557115507,"6832A",3782,1811602,0.840013261400283,"Catégories représentant 20% des données"
"105",0.890078328981723,"7711A",3749,1815351,0.841751617682176,"Catégories représentant 20% des données"
"106",0.885448067963826,"6619A",3729,1819080,0.843480700257577,"Catégories représentant 20% des données"
"107",0.974286521616276,"0210Z",3575,1822655,0.845138375292991,"Catégories représentant 20% des données"
"108",0.913944112331433,"8010Z",3574,1826229,0.846795586643081,"Catégories représentant 20% des données"
"109",0.811242603550296,"8122Z",3498,1829727,0.848417557908501,"Catégories représentant 20% des données"
"110",0.793192523932533,"9002Z",3456,1833183,0.850020054390289,"Catégories représentant 20% des données"
"111",0.872418338948294,"8810A",3426,1836609,0.851608640312338,"Catégories représentant 20% des données"
"112",0.631662436548223,"4719B",3319,1839928,0.853147611904657,"Catégories représentant 20% des données"
"113",0.777832431546155,"5911B",3167,1843095,0.854616103327638,"Catégories représentant 20% des données"
"114",0.839556962025316,"3109B",3163,1846258,0.85608274000932,"Catégories représentant 20% des données"
"115",0.696275518154901,"3299Z",3136,1849394,0.857536857187238,"Catégories représentant 20% des données"
"116",0.767667436489607,"4775Z",3134,1852528,0.858990046994508,"Catégories représentant 20% des données"
"117",0.835762876579203,"4532Z",3102,1855630,0.86042839887139,"Catégories représentant 20% des données"
"118",0.970559689420899,"7820Z",3080,1858710,0.861856549671131,"Catégories représentant 20% des données"
"119",0.966981914717106,"8542Z",3028,1861738,0.863260588833994,"Catégories représentant 20% des données"
"120",0.866246266179887,"9511Z",3016,1864754,0.864659063772961,"Catégories représentant 20% des données"
"121",0.58054447719785,"4729Z",3003,1867757,0.866051510802709,"Catégories représentant 20% des données"
"122",0.758572671888599,"7490A",2993,1870750,0.867439320979211,"Catégories représentant 20% des données"
"123",0.483303411131059,"4120B",2948,1873698,0.868806265316106,"Catégories représentant 20% des données"
"124",0.87379949452401,"0161Z",2945,1876643,0.870171818597027,"Catégories représentant 20% des données"
"125",0.922234004948745,"0150Z",2874,1879517,0.871504450219903,"Catégories représentant 20% des données"
"126",0.947109471094711,"8553Z",2831,1882348,0.872817143373821,"Catégories représentant 20% des données"
"127",0.82655921513665,"3832Z",2824,1885172,0.874126590730467,"Catégories représentant 20% des données"
"128",0.786818851251841,"7120B",2739,1887911,0.875396624834522,"Catégories représentant 20% des données"
"129",0.716321009918846,"4673A",2731,1890642,0.876662949455981,"Catégories représentant 20% des données"
"130",0.851617995264404,"7990Z",2638,1893280,0.877886151342253,"Catégories représentant 20% des données"
"131",0.507375949932946,"6430Z",2633,1895913,0.879107034801902,"Catégories représentant 20% des données"
"132",0.928092042186002,"4391A",2619,1898532,0.880321426667007,"Catégories représentant 20% des données"
"133",0.857197185776764,"5920Z",2615,1901147,0.881533963790813,"Catégories représentant 20% des données"
"134",0.946319018404908,"4711D",2605,1903752,0.882741864061373,"Catégories représentant 20% des données"
"135",0.978425655976676,"0142Z",2576,1906328,0.883936317457521,"Catégories représentant 20% des données"
"136",0.717792655711098,"4741Z",2522,1908850,0.88510573184614,"Catégories représentant 20% des données"
"137",0.758042503411971,"4759A",2508,1911358,0.886268654640215,"Catégories représentant 20% des données"
"138",0.876845298281092,"4722Z",2497,1913855,0.88742647689572,"Catégories représentant 20% des données"
"139",0.642408490361707,"6312Z",2468,1916323,0.888570852276811,"Catégories représentant 20% des données"
"140",0.747980948436529,"1392Z",2459,1918782,0.889711054489981,"Catégories représentant 20% des données"
"141",0.691072575465639,"1419Z",2418,1921200,0.890832245604843,"Catégories représentant 20% des données"
"142",0.77821495133568,"4634Z",2398,1923598,0.891944163013213,"Catégories représentant 20% des données"
"143",0.592946058091286,"4759B",2379,1925977,0.893047270400415,"Catégories représentant 20% des données"
"144",0.880797572605115,"5811Z",2347,1928324,0.894135539857231,"Catégories représentant 20% des données"
"145",0.560587515299878,"4642Z",2328,1930652,0.89521499929288,"Catégories représentant 20% des données"
"146",0.743787847149718,"4764Z",2315,1932967,0.896288430819309,"Catégories représentant 20% des données"
"147",0.848565121412804,"4329A",2248,1935215,0.89733079542899,"Catégories représentant 20% des données"
"148",0.693511156706848,"6832B",2245,1937460,0.898371768982698,"Catégories représentant 20% des données"
"149",0.795438996579248,"1629Z",2216,1939676,0.899399295661992,"Catégories représentant 20% des données"
"150",0.884473197781885,"6202B",2213,1941889,0.900425431285312,"Catégories représentant 20% des données"
"151",0.97702979304071,"7500Z",2198,1944087,0.901444611628764,"Catégories représentant 20% des données"
"152",0.934615384615385,"6419Z",2144,1946231,0.902438752964688,"Catégories représentant 20% des données"
"153",0.711880711880712,"3312Z",2142,1948373,0.903431966929963,"Catégories représentant 20% des données"
"154",0.546840958605664,"4110A",2085,1950458,0.904398750831736,"Catégories représentant 20% des données"
"155",0.910866910866911,"4773Z",2076,1952534,0.905361361565587,"Catégories représentant 20% des données"
"156",0.732944458534111,"4721Z",2073,1954607,0.906322581243465,"Catégories représentant 20% des données"
"157",0.352205005959476,"4649Z",2057,1956664,0.907276381956149,"Catégories représentant 20% des données"
"158",0.745098039215686,"4725Z",1982,1958646,0.908195406269489,"Catégories représentant 20% des données"
"159",0.947207345065034,"9603Z",1958,1960604,0.909103302135039,"Catégories représentant 20% des données"
"160",0.94154004635591,"0143Z",1949,1962553,0.910007024832668,"Catégories représentant 20% des données"
"161",0.564549180327869,"4669B",1942,1964495,0.910907501733024,"Catégories représentant 20% des données"
"162",0.984639416818537,"0145Z",1922,1966417,0.911798704926888,"Catégories représentant 20% des données"
"163",0.91500904159132,"4778A",1901,1968318,0.912680170728936,"Catégories représentant 20% des données"
"164",0.947733333333333,"9601B",1901,1970219,0.913561636530985,"Catégories représentant 20% des données"
"165",0.65496049165935,"4399D",1883,1972102,0.91443475599719,"Catégories représentant 20% des données"
"166",0.792908944399678,"7219Z",1865,1973967,0.915299529127553,"Catégories représentant 20% des données"
"167",0.326977401129944,"4799B",1859,1975826,0.916161520145968,"Catégories représentant 20% des données"
"168",0.877079978529254,"1071D",1826,1977652,0.917008209548672,"Catégories représentant 20% des données"
"169",0.89039978243133,"4772A",1804,1979456,0.917844697874235,"Catégories représentant 20% des données"
"170",0.803283328615907,"5229B",1783,1981239,0.918671448807981,"Catégories représentant 20% des données"
"171",0.69804441498177,"6209Z",1712,1982951,0.919465278083681,"Catégories représentant 20% des données"
"172",0.831613093482748,"5210B",1701,1984652,0.920254006820811,"Catégories représentant 20% des données"
"173",0.896551724137931,"4399A",1695,1986347,0.921039953445993,"Catégories représentant 20% des données"
"174",0.82572347266881,"8560Z",1675,1988022,0.921816626364684,"Catégories représentant 20% des données"
"175",0.840923268870867,"4774Z",1662,1989684,0.922587271374155,"Catégories représentant 20% des données"
"176",0.797369994022714,"4540Z",1639,1991323,0.92334725162116,"Catégories représentant 20% des données"
"177",0.603371783496007,"4639B",1633,1992956,0.924104449756217,"Catégories représentant 20% des données"
"178",0.848729076255425,"5221Z",1582,1994538,0.924837999939721,"Catégories représentant 20% des données"
"179",0.753271028037383,"4742Z",1560,1996098,0.925561349046083,"Catégories représentant 20% des données"
"180",0.660727013542409,"5829C",1555,1997653,0.926282379725823,"Catégories représentant 20% des données"
"181",0.601636661211129,"6311Z",1538,1999191,0.926995527755044,"Catégories représentant 20% des données"
"182",0.849758787043418,"3320A",1447,2000638,0.927666480419728,"Catégories représentant 20% des données"
"183",0.76557032890133,"7721Z",1447,2002085,0.928337433084412,"Catégories représentant 20% des données"
"184",0.944919603147451,"8622A",1441,2003526,0.929005603637148,"Catégories représentant 20% des données"
"185",0.946454413892909,"7220Z",1416,2004942,0.929662182056769,"Catégories représentant 20% des données"
"186",0.981634857760173,"0141Z",1399,2006341,0.930310877825872,"Catégories représentant 20% des données"
"187",0.378801042571677,"4618Z",1384,2007725,0.930952618315107,"Catégories représentant 20% des données"
"188",0.721324095458045,"4724Z",1384,2009109,0.931594358804341,"Catégories représentant 20% des données"
"189",0.940520446096654,"8532Z",1383,2010492,0.932235635608251,"Catégories représentant 20% des données"
"190",0.708878669968164,"4751Z",1379,2011871,0.932875057670862,"Catégories représentant 20% des données"
"191",0.873092668403424,"1512Z",1354,2013225,0.933502887600359,"Catégories représentant 20% des données"
"192",0.712528823981553,"1812Z",1351,2014576,0.934129326473882,"Catégories représentant 20% des données"
"193",0.835307604126863,"0162Z",1345,2015921,0.934752983235457,"Catégories représentant 20% des données"
"194",0.748339483394834,"4762Z",1343,2017264,0.935375712626383,"Catégories représentant 20% des données"
"195",0.903127383676583,"3250A",1312,2018576,0.935984067772247,"Catégories représentant 20% des données"
"196",0.95197848636189,"8690A",1308,2019884,0.936590568176813,"Catégories représentant 20% des données"
"197",0.958861976163014,"0147Z",1307,2021191,0.937196604896053,"Catégories représentant 20% des données"
"198",0.762546816479401,"5911C",1300,2022491,0.937799395818022,"Catégories représentant 20% des données"
"199",0.810900082576383,"7320Z",1298,2023789,0.938401259369342,"Catégories représentant 20% des données"
"200",0.76843363889996,"2562B",1292,2025081,0.939000340808714,"Catégories représentant 20% des données"
"201",0.478618421052632,"4752A",1280,2026361,0.93959385802419,"Catégories représentant 20% des données"
"202",0.76038338658147,"4777Z",1269,2027630,0.940182274701097,"Catégories représentant 20% des données"
"203",0.875991649269311,"5813Z",1244,2028874,0.940759099244888,"Catégories représentant 20% des données"
"204",0.784928027095682,"5912Z",1240,2030114,0.941334069047382,"Catégories représentant 20% des données"
"205",0.69769324160259,"4329B",1234,2031348,0.941906256737927,"Catégories représentant 20% des données"
"206",0.886326194398682,"2341Z",1230,2032578,0.942476589687175,"Catégories représentant 20% des données"
"207",0.851926977687627,"7911Z",1225,2033803,0.943044604209799,"Catégories représentant 20% des données"
"208",0.571550619393422,"4651Z",1217,2035020,0.943608909249827,"Catégories représentant 20% des données"
"209",0.726063829787234,"4531Z",1212,2036232,0.944170895863231,"Catégories représentant 20% des données"
"210",0.957214765100671,"5629B",1207,2037439,0.944730564050013,"Catégories représentant 20% des données"
"211",0.791325695581015,"0240Z",1194,2038633,0.945284204327575,"Catégories représentant 20% des données"
"212",0.93122597180692,"8129A",1171,2039804,0.945827179842672,"Catégories représentant 20% des données"
"213",0.774946004319654,"4726Z",1146,2040950,0.946358563224653,"Catégories représentant 20% des données"
"214",0.918635170603675,"4730Z",1145,2042095,0.94688948292131,"Catégories représentant 20% des données"
"215",0.623339658444023,"4645Z",1136,2043231,0.947416229450046,"Catégories représentant 20% des données"
"216",0.932735426008969,"0119Z",1126,2044357,0.947938339125536,"Catégories représentant 20% des données"
"217",0.823478636167458,"9313Z",1120,2045477,0.948457666689078,"Catégories représentant 20% des données"
"218",0.846303501945525,"8110Z",1110,2046587,0.948972357399374,"Catégories représentant 20% des données"
"219",0.806173399909215,"8220Z",1097,2047684,0.949481020200451,"Catégories représentant 20% des données"
"220",0.635774788241156,"8129B",1071,2048755,0.949977627183088,"Catégories représentant 20% des données"
"221",0.696356275303644,"7729Z",1053,2049808,0.950465887829883,"Catégories représentant 5% des données"
"222",0.904135338345865,"8622B",1041,2050849,0.950948584252783,"Catégories représentant 5% des données"
"223",0.7626953125,"7312Z",1026,2051875,0.951424325395813,"Catégories représentant 5% des données"
"224",0.779559118236473,"7732Z",1013,2052888,0.951894038629624,"Catégories représentant 5% des données"
"225",0.944111776447106,"8690B",1009,2053897,0.952361897122137,"Catégories représentant 5% des données"
"226",0.772334293948127,"9321Z",1005,2054902,0.952827900873351,"Catégories représentant 5% des données"
"227",0.670639219934995,"4939B",1002,2055904,0.953292513568592,"Catégories représentant 5% des données"
"228",0.735146022155086,"4332C",985,2056889,0.953749243613314,"Catégories représentant 5% des données"
"229",0.538177988414955,"4652Z",983,2057872,0.954205046287388,"Catégories représentant 5% des données"
"230",0.877645844088797,"1072Z",980,2058852,0.954659457905487,"Catégories représentant 5% des données"
"231",0.63495145631068,"6190Z",976,2059828,0.955112014782288,"Catégories représentant 5% des données"
"232",0.812736103615758,"4778B",974,2060802,0.95556364428844,"Catégories représentant 5% des données"
"233",0.621026894865526,"4646Z",972,2061774,0.956014346423943,"Catégories représentant 5% des données"
"234",0.460126219162364,"4669C",962,2062736,0.9564604117062,"Catégories représentant 5% des données"
"235",0.757917337627483,"9524Z",954,2063690,0.95690276750586,"Catégories représentant 5% des données"
"236",0.546454095656954,"8020Z",951,2064641,0.957343732249546,"Catégories représentant 5% des données"
"237",0.912513842746401,"6512Z",939,2065580,0.957779132769337,"Catégories représentant 5% des données"
"238",0.717830351990768,"4631Z",903,2066483,0.958197840617443,"Catégories représentant 5% des données"
"239",0.697647058823529,"4931Z",891,2067374,0.958610984241654,"Catégories représentant 5% des données"
"240",0.800468110005851,"0220Z",887,2068261,0.959022273124567,"Catégories représentant 5% des données"
"241",0.834117647058824,"3315Z",856,2069117,0.959419187762417,"Catégories représentant 5% des données"
"242",0.739348370927318,"7830Z",854,2069971,0.959815175029618,"Catégories représentant 5% des données"
"243",0.678686413393432,"4669A",850,2070821,0.96020930755552,"Catégories représentant 5% des données"
"244",0.880879657910812,"8899A",846,2071667,0.960601585340125,"Catégories représentant 5% des données"
"245",0.749376558603491,"3811Z",836,2072503,0.960989226271483,"Catégories représentant 5% des données"
"246",0.949434860202261,"0311Z",825,2073328,0.961371766664271,"Catégories représentant 5% des données"
"247",0.961702127659574,"0128Z",821,2074149,0.96175245231576,"Catégories représentant 5% des données"
"248",0.774309723889556,"4399B",806,2074955,0.962126182687381,"Catégories représentant 5% des données"
"249",0.724137931034483,"4711C",803,2075758,0.962498522003028,"Catégories représentant 5% des données"
"250",0.713436385255648,"4621Z",796,2076554,0.962867615521403,"Catégories représentant 5% des données"
"251",0.88404868673927,"5530Z",790,2077344,0.96323392692783,"Catégories représentant 5% des données"
"252",0.692759295499021,"2511Z",783,2078127,0.963596992536985,"Catégories représentant 5% des données"
"253",0.872680742162508,"2370Z",779,2078906,0.963958203404841,"Catégories représentant 5% des données"
"254",0.852791878172589,"4942Z",776,2079682,0.964318023216724,"Catégories représentant 5% des données"
"255",0.732558139534884,"4761Z",773,2080455,0.964676451972633,"Catégories représentant 5% des données"
"256",0.669144981412639,"4617B",767,2081222,0.965032098616595,"Catégories représentant 5% des données"
"257",0.826684107259647,"9512Z",750,2081972,0.965379862610038,"Catégories représentant 5% des données"
"258",0.938694792353329,"1105Z",748,2082720,0.965726699232833,"Catégories représentant 5% des données"
"259",0.951864406779661,"0124Z",743,2083463,0.966071217429004,"Catégories représentant 5% des données"
"260",0.957171991842284,"7120A",738,2084201,0.966413417198552,"Catégories représentant 5% des données"
"261",0.833876221498371,"6621Z",734,2084935,0.966753762226802,"Catégories représentant 5% des données"
"262",0.744186046511628,"9522Z",718,2085653,0.967086688289859,"Catégories représentant 5% des données"
"263",0.919943820224719,"5629A",715,2086368,0.967418223296942,"Catégories représentant 5% des données"
"264",0.32486388384755,"4638B",705,2087073,0.967745121450779,"Catégories représentant 5% des données"
"265",0.649452269170579,"9311Z",676,2087749,0.968058572730202,"Catégories représentant 5% des données"
"266",0.48501872659176,"4647Z",649,2088398,0.968359504505862,"Catégories représentant 5% des données"
"267",0.748646558391338,"4723Z",647,2089045,0.968659508910873,"Catégories représentant 5% des données"
"268",0.566096423017107,"4641Z",645,2089690,0.968958585945234,"Catégories représentant 5% des données"
"269",0.720364741641337,"4765Z",645,2090335,0.969257662979595,"Catégories représentant 5% des données"
"270",0.627826086956522,"1623Z",638,2090973,0.969553494216685,"Catégories représentant 5% des données"
"271",0.867924528301887,"0130Z",627,2091600,0.969844224915204,"Catégories représentant 5% des données"
"272",0.739202657807309,"3212Z",619,2092219,0.970131246131126,"Catégories représentant 5% des données"
"273",0.611280487804878,"7740Z",618,2092837,0.970417803661723,"Catégories représentant 5% des données"
"274",0.759136212624585,"7912Z",617,2093454,0.970703897506996,"Catégories représentant 5% des données"
"275",0.814874696847211,"4311Z",606,2094060,0.970984890813698,"Catégories représentant 5% des données"
"276",0.754125412541254,"2042Z",594,2094654,0.971260319896505,"Catégories représentant 5% des données"
"277",0.911890504704876,"7711B",594,2095248,0.971535748979313,"Catégories représentant 5% des données"
"278",0.955223880597015,"0125Z",568,2095816,0.971799122243681,"Catégories représentant 5% des données"
"279",0.637653736991485,"4661Z",556,2096372,0.972056931284153,"Catégories représentant 5% des données"
"280",0.868397493285586,"2550A",544,2096916,0.972309176100731,"Catégories représentant 5% des données"
"281",0.997219647822057,"8411Z",541,2097457,0.972560029861335,"Catégories représentant 5% des données"
"282",0.798165137614679,"1082Z",540,2097997,0.972810419936614,"Catégories représentant 5% des données"
"283",0.667307692307692,"6499Z",540,2098537,0.973060810011893,"Catégories représentant 5% des données"
"284",0.923913043478261,"9523Z",539,2099076,0.973310736401848,"Catégories représentant 5% des données"
"285",0.632713026444662,"7810Z",532,2099608,0.973557416994531,"Catégories représentant 5% des données"
"286",0.56678281068525,"4613Z",518,2100126,0.973797605992669,"Catégories représentant 5% des données"
"287",0.669165885660731,"4754Z",515,2100641,0.974036403934834,"Catégories représentant 5% des données"
"288",0.639296187683284,"4299Z",510,2101151,0.974272883450375,"Catégories représentant 5% des données"
"289",0.701325178389399,"1399Z",499,2101650,0.974504262427346,"Catégories représentant 5% des données"
"290",0.784140969162996,"1071B",498,2102148,0.974735177718993,"Catégories représentant 5% des données"
"291",0.527810650887574,"1085Z",496,2102644,0.97496516563999,"Catégories représentant 5% des données"
"292",0.409638554216867,"4676Z",492,2103136,0.975193298819689,"Catégories représentant 5% des données"
"293",0.477722772277228,"3320D",488,2103624,0.97541957725809,"Catégories représentant 5% des données"
"294",0.623983739837398,"4222Z",483,2104107,0.975643537269867,"Catégories représentant 5% des données"
"295",0.678762006403415,"4674B",476,2104583,0.975864251484373,"Catégories représentant 5% des données"
"296",0.580645161290323,"4673B",473,2105056,0.976083574642904,"Catégories représentant 5% des données"
"297",0.908717948717949,"7112A",471,2105527,0.976301970430787,"Catégories représentant 5% des données"
"298",0.596531791907515,"6110Z",470,2105997,0.976519902533345,"Catégories représentant 5% des données"
"299",0.775079197465681,"4211Z",465,2106462,0.97673551620928,"Catégories représentant 5% des données"
"300",0.504103165298945,"3320B",454,2106916,0.976946029346644,"Catégories représentant 5% des données"
"301",0.687074829931973,"4677Z",449,2107365,0.977154224057386,"Catégories représentant 5% des données"
"302",0.499402628434886,"6492Z",449,2107814,0.977362418768127,"Catégories représentant 5% des données"
"303",0.780383795309168,"4772B",448,2108262,0.977570149793544,"Catégories représentant 5% des données"
"304",0.543147208121827,"4752B",442,2108704,0.977775098707014,"Catégories représentant 5% des données"
"305",0.854625550660793,"5110Z",441,2109145,0.977979583935158,"Catégories représentant 5% des données"
"306",0.42489851150203,"4520B",440,2109585,0.978183605477978,"Catégories représentant 5% des données"
"307",0.822616407982262,"1610A",433,2110018,0.978384381223526,"Catégories représentant 5% des données"
"308",0.642156862745098,"2599B",427,2110445,0.978582374857127,"Catégories représentant 5% des données"
"309",0.564516129032258,"4672Z",419,2110864,0.978776659008131,"Catégories représentant 5% des données"
"310",0.673400673400673,"3240Z",416,2111280,0.978969552103161,"Catégories représentant 5% des données"
"311",0.429210134128167,"4110C",411,2111691,0.979160126771568,"Catégories représentant 5% des données"
"312",0.608414239482201,"1330Z",410,2112101,0.97935023775465,"Catégories représentant 5% des données"
"313",0.758938869665513,"5224B",408,2112509,0.979539421367083,"Catégories représentant 5% des données"
"314",0.672289156626506,"8292Z",405,2112914,0.979727213923543,"Catégories représentant 5% des données"
"315",0.724137931034483,"3514Z",403,2113317,0.979914079109353,"Catégories représentant 5% des données"
"316",0.372716199756395,"5819Z",401,2113718,0.980100016924514,"Catégories représentant 5% des données"
"317",0.984924623115578,"4910Z",400,2114118,0.980285491054351,"Catégories représentant 5% des données"
"318",0.670854271356784,"9521Z",394,2114512,0.98046818307224,"Catégories représentant 5% des données"
"319",0.462732919254658,"6203Z",391,2114903,0.980649484034155,"Catégories représentant 5% des données"
"320",0.80840543881335,"2740Z",389,2115292,0.980829857625421,"Catégories représentant 5% des données"
"321",0.521145975443383,"1089Z",388,2115680,0.981009767531362,"Catégories représentant 5% des données"
"322",0.693602693602693,"2561Z",388,2116068,0.981189677437304,"Catégories représentant 5% des données"
"323",0.883950617283951,"3220Z",378,2116446,0.981364950489999,"Catégories représentant 5% des données"
"324",0.637931034482759,"4671Z",372,2116818,0.981537441430747,"Catégories représentant 5% des données"
"325",0.80946123521682,"2041Z",367,2117185,0.981707613944872,"Catégories représentant 5% des données"
"326",0.503987240829346,"9412Z",366,2117551,0.981877322773673,"Catégories représentant 5% des données"
"327",0.614197530864198,"4675Z",357,2117908,0.982042858434552,"Catégories représentant 5% des données"
"328",0.669444444444444,"1729Z",354,2118262,0.982207003039457,"Catégories représentant 5% des données"
"329",0.755020080321285,"3700Z",354,2118616,0.982371147644363,"Catégories représentant 5% des données"
"330",0.412408759124088,"4519Z",354,2118970,0.982535292249268,"Catégories représentant 5% des données"
"331",0.44804318488529,"4663Z",350,2119320,0.982697582112875,"Catégories représentant 5% des données"
"332",0.666666666666667,"4638A",344,2119664,0.982857089864534,"Catégories représentant 5% des données"
"333",0.917030567685589,"8030Z",342,2120006,0.983015670245545,"Catégories représentant 5% des données"
"334",0.963609898107715,"0146Z",341,2120347,0.98317378694123,"Catégories représentant 5% des données"
"335",0.771739130434783,"1039B",341,2120688,0.983331903636916,"Catégories représentant 5% des données"
"336",0.257936507936508,"4312B",340,2121028,0.983489556647277,"Catégories représentant 5% des données"
"337",0.552995391705069,"7211Z",339,2121367,0.983646745972313,"Catégories représentant 5% des données"
"338",0.46677471636953,"4643Z",338,2121705,0.983803471612025,"Catégories représentant 5% des données"
"339",0.64792899408284,"1011Z",334,2122039,0.983958342510439,"Catégories représentant 5% des données"
"340",0.986175115207373,"0122Z",326,2122365,0.984109503926256,"Catégories représentant 5% des données"
"341",0.669796557120501,"3821Z",326,2122691,0.984260665342072,"Catégories représentant 5% des données"
"342",0.721556886227545,"4623Z",325,2123016,0.984411363072564,"Catégories représentant 5% des données"
"343",0.616144975288303,"4674A",322,2123338,0.984560669747083,"Catégories représentant 5% des données"
"344",0.770538243626062,"8730A",320,2123658,0.984709049050952,"Catégories représentant 5% des données"
"345",0.856687898089172,"4711F",314,2123972,0.984854646242874,"Catégories représentant 5% des données"
"346",0.848684210526316,"8790B",314,2124286,0.985000243434795,"Catégories représentant 5% des données"
"347",0.788519637462236,"0129Z",312,2124598,0.985144913256068,"Catégories représentant 5% des données"
"348",0.92604501607717,"0321Z",304,2124902,0.985285873594744,"Catégories représentant 5% des données"
"349",0.603703703703704,"4939A",304,2125206,0.985426833933419,"Catégories représentant 5% des données"
"350",0.799325463743676,"9491Z",300,2125506,0.985565939530797,"Catégories représentant 5% des données"
"351",0.694942903752039,"8610Z",299,2125805,0.98570458144285,"Catégories représentant 5% des données"
"352",0.938435940099834,"0126Z",298,2126103,0.985842759669578,"Catégories représentant 5% des données"
"353",0.555555555555556,"4622Z",298,2126401,0.985980937896306,"Catégories représentant 5% des données"
"354",0.718023255813953,"1013B",296,2126697,0.986118188752385,"Catégories représentant 5% des données"
"355",0.746858168761221,"5010Z",295,2126992,0.986254975923139,"Catégories représentant 5% des données"
"356",0.430176565008026,"6612Z",295,2127287,0.986391763093894,"Catégories représentant 5% des données"
"357",0.914285714285714,"9420Z",292,2127579,0.986527159208675,"Catégories représentant 5% des données"
"358",0.486486486486486,"4616Z",288,2127867,0.986660700582157,"Catégories représentant 5% des données"
"359",0.808664259927798,"8710A",286,2128153,0.98679331458499,"Catégories représentant 5% des données"
"360",0.837455830388693,"3530Z",282,2128435,0.986924073846525,"Catégories représentant 5% des données"
"361",0.913621262458472,"8430B",282,2128717,0.98705483310806,"Catégories représentant 5% des données"
"362",0.663139329805996,"5821Z",267,2128984,0.987178637089725,"Catégories représentant 5% des données"
"363",0.594911937377691,"2229A",265,2129249,0.987301513700742,"Catégories représentant 5% des données"
"364",0.602587800369686,"2512Z",263,2129512,0.98742346294111,"Catégories représentant 5% des données"
"365",0.678642714570858,"5229A",262,2129774,0.987544948496153,"Catégories représentant 5% des données"
"366",0.537005163511188,"4666Z",260,2130034,0.987665506680546,"Catégories représentant 5% des données"
"367",0.788461538461538,"1101Z",258,2130292,0.987785137494291,"Catégories représentant 5% des données"
"368",0.570841889117043,"4743Z",257,2130549,0.987904304622711,"Catégories représentant 5% des données"
"369",0.733333333333333,"1723Z",256,2130805,0.988023008065806,"Catégories représentant 5% des données"
"370",0.719836400817996,"2920Z",254,2131059,0.988140784138252,"Catégories représentant 5% des données"
"371",0.665441176470588,"3230Z",248,2131307,0.988255778098751,"Catégories représentant 5% des données"
"372",0.508474576271186,"3314Z",247,2131554,0.988370308373925,"Catégories représentant 5% des données"
"373",0.872,"3600Z",247,2131801,0.988484838649099,"Catégories représentant 5% des données"
"374",0.367058823529412,"4614Z",247,2132048,0.988599368924273,"Catégories représentant 5% des données"
"375",0.906187624750499,"2571Z",246,2132294,0.988713435514123,"Catégories représentant 5% des données"
"376",0.633540372670807,"1439Z",244,2132538,0.988826574733323,"Catégories représentant 5% des données"
"377",0.615071283095723,"6391Z",244,2132782,0.988939713952523,"Catégories représentant 5% des données"
"378",0.780684104627766,"3900Z",243,2133025,0.989052389486399,"Catégories représentant 5% des données"
"379",0.450980392156863,"4648Z",241,2133266,0.989164137649625,"Catégories représentant 5% des données"
"380",0.561027837259101,"6399Z",236,2133502,0.989273567386229,"Catégories représentant 5% des données"
"381",0.539094650205761,"4644Z",235,2133737,0.989382533437508,"Catégories représentant 5% des données"
"382",0.720682302771855,"7731Z",235,2133972,0.989491499488787,"Catégories représentant 5% des données"
"383",0.640826873385013,"9411Z",232,2134204,0.989599074484092,"Catégories représentant 5% des données"
"384",0.554744525547445,"3320C",228,2134432,0.989704794738099,"Catégories représentant 5% des données"
"385",0.823529411764706,"1083Z",225,2134657,0.989809123936132,"Catégories représentant 5% des données"
"386",0.984478935698448,"0114Z",224,2134881,0.98991298944884,"Catégories représentant 5% des données"
"387",0.63231850117096,"4399E",223,2135104,0.990016391276224,"Catégories représentant 5% des données"
"388",0.769230769230769,"6010Z",222,2135326,0.990119329418284,"Catégories représentant 5% des données"
"389",0.780082987551867,"7735Z",221,2135547,0.990221803875018,"Catégories représentant 5% des données"
"390",0.840764331210191,"1610B",220,2135767,0.990323814646428,"Catégories représentant 5% des données"
"391",0.637889688249401,"7712Z",220,2135987,0.990425825417838,"Catégories représentant 5% des données"
"392",0.684210526315789,"7734Z",220,2136207,0.990527836189249,"Catégories représentant 5% des données"
"393",0.775330396475771,"2319Z",217,2136424,0.990628455904685,"Catégories représentant 5% des données"
"394",0.828752642706131,"8291Z",217,2136641,0.990729075620121,"Catégories représentant 5% des données"
"395",0.417910447761194,"2229B",212,2136853,0.990827376908935,"Catégories représentant 5% des données"
"396",0.579075425790754,"8810B",210,2137063,0.990924750827099,"Catégories représentant 5% des données"
"397",0.65974025974026,"4632A",199,2137262,0.991017024206692,"Catégories représentant 5% des données"
"398",0.902374670184696,"4711A",199,2137461,0.991109297586286,"Catégories représentant 5% des données"
"399",0.666666666666667,"1071A",197,2137658,0.991200643595231,"Catégories représentant 5% des données"
"400",0.559610705596107,"4221Z",197,2137855,0.991291989604175,"Catégories représentant 5% des données"
"401",0.393351800554017,"3319Z",192,2138047,0.991381017186497,"Catégories représentant 5% des données"
"402",0.731707317073171,"2313Z",191,2138238,0.991469581083493,"Catégories représentant 5% des données"
"403",0.758974358974359,"1032Z",189,2138427,0.991557217609841,"Catégories représentant 5% des données"
"404",0.404833836858006,"2899B",189,2138616,0.991644854136189,"Catégories représentant 5% des données"
"405",0.487804878048781,"3311Z",189,2138805,0.991732490662537,"Catégories représentant 5% des données"
"406",0.634146341463415,"9492Z",181,2138986,0.991816417706288,"Catégories représentant 5% des données"
"407",0.65979381443299,"4619A",180,2139166,0.991899881064714,"Catégories représentant 5% des données"
"408",0.315521628498728,"5829A",180,2139346,0.991983344423141,"Catégories représentant 5% des données"
"409",0.427046263345196,"4611Z",179,2139525,0.992066344096243,"Catégories représentant 5% des données"
"410",0.73224043715847,"1624Z",178,2139703,0.99214888008402,"Catégories représentant 5% des données"
"411",0.570694087403599,"4753Z",178,2139881,0.992231416071797,"Catégories représentant 5% des données"
"412",0.793201133144476,"0812Z",173,2140054,0.992311633632951,"Catégories représentant 5% des données"
"413",0.901734104046243,"2363Z",173,2140227,0.992391851194106,"Catégories représentant 5% des données"
"414",0.74468085106383,"8790A",173,2140400,0.99247206875526,"Catégories représentant 5% des données"
"415",0.879765395894428,"0322Z",171,2140571,0.992551358945765,"Catégories représentant 5% des données"
"416",0.579945799457995,"4637Z",171,2140742,0.99263064913627,"Catégories représentant 5% des données"
"417",0.979351032448378,"8412Z",171,2140913,0.992709939326775,"Catégories représentant 5% des données"
"418",0.758823529411765,"1052Z",157,2141070,0.992782737922736,"Catégories représentant 5% des données"
"419",0.51985559566787,"3109A",157,2141227,0.992855536518697,"Catégories représentant 5% des données"
"420",0.380228136882129,"4615Z",153,2141380,0.992926480373359,"Catégories représentant 5% des données"
"421",0.527331189710611,"4662Z",152,2141532,0.992996960542697,"Catégories représentant 5% des données"
"422",0.599326599326599,"2640Z",150,2141682,0.993066513341386,"Catégories représentant 5% des données"
"423",0.832826747720365,"5914Z",150,2141832,0.993136066140075,"Catégories représentant 5% des données"
"424",0.856209150326797,"9101Z",150,2141982,0.993205618938763,"Catégories représentant 5% des données"
"425",0.690690690690691,"8520Z",149,2142131,0.993274708052127,"Catégories représentant 5% des données"
"426",0.644776119402985,"3521Z",148,2142279,0.993343333480167,"Catégories représentant 5% des données"
"427",0.47940074906367,"9103Z",145,2142424,0.993410567852233,"Catégories représentant 5% des données"
"428",0.654088050314465,"1051C",142,2142566,0.993476411168325,"Catégories représentant 5% des données"
"429",0.546153846153846,"4633Z",142,2142708,0.993542254484417,"Catégories représentant 5% des données"
"430",0.705128205128205,"2361Z",139,2142847,0.993606706744535,"Catégories représentant 5% des données"
"431",0.786206896551724,"3316Z",139,2142986,0.993671159004653,"Catégories représentant 5% des données"
"432",0.674242424242424,"2369Z",138,2143124,0.993735147579447,"Catégories représentant 5% des données"
"433",0.62962962962963,"5223Z",137,2143261,0.993798672468916,"Catégories représentant 5% des données"
"434",0.587360594795539,"6629Z",136,2143397,0.99386173367306,"Catégories représentant 5% des données"
"435",0.981412639405204,"5310Z",135,2143532,0.99392433119188,"Catégories représentant 5% des données"
"436",0.777777777777778,"8720A",134,2143666,0.993986465025375,"Catégories représentant 5% des données"
"437",0.795539033457249,"5590Z",132,2143798,0.994047671488221,"Catégories représentant 5% des données"
"438",0.784982935153584,"5610B",132,2143930,0.994108877951067,"Catégories représentant 5% des données"
"439",0.633093525179856,"3102Z",131,2144061,0.994169620728589,"Catégories représentant 5% des données"
"440",0.758364312267658,"8810C",131,2144192,0.99423036350611,"Catégories représentant 5% des données"
"441",0.633663366336634,"9200Z",131,2144323,0.994291106283632,"Catégories représentant 5% des données"
"442",0.511111111111111,"4617A",130,2144453,0.994351385375829,"Catégories représentant 5% des données"
"443",0.803088803088803,"9525Z",130,2144583,0.994411664468025,"Catégories représentant 5% des données"
"444",0.778625954198473,"1814Z",129,2144712,0.994471479874898,"Catégories représentant 5% des données"
"445",0.677290836653386,"3831Z",129,2144841,0.99453129528177,"Catégories représentant 5% des données"
"446",0.608695652173913,"4110B",129,2144970,0.994591110688642,"Catégories représentant 5% des données"
"447",0.481327800829876,"1039A",127,2145097,0.994649998724865,"Catégories représentant 5% des données"
"448",0.544642857142857,"4636Z",127,2145224,0.994708886761088,"Catégories représentant 5% des données"
"449",0.469453376205788,"4665Z",125,2145349,0.994766847426662,"Catégories représentant 5% des données"
"450",0.377510040160643,"3313Z",124,2145473,0.994824344406912,"Catégories représentant 5% des données"
"451",0.701107011070111,"4313Z",124,2145597,0.994881841387161,"Catégories représentant 5% des données"
"452",0.542124542124542,"4763Z",123,2145720,0.994938874682086,"Catégories représentant 5% des données"
"453",0.368852459016393,"3101Z",122,2145842,0.994995444291686,"Catégories représentant 5% des données"
"454",0.669172932330827,"8891B",121,2145963,0.995051550215961,"Catégories représentant 5% des données"
"455",0.626334519572954,"2550B",120,2146083,0.995107192454912,"Catégories représentant 5% des données"
"456",0.698689956331878,"1820Z",117,2146200,0.99516144363789,"Catégories représentant 5% des données"
"457",0.533834586466165,"4639A",117,2146317,0.995215694820867,"Catégories représentant 5% des données"
"458",0.473186119873817,"2651B",115,2146432,0.995269018633195,"Catégories représentant 5% des données"
"459",0.504347826086956,"2790Z",115,2146547,0.995322342445523,"Catégories représentant 5% des données"
"460",0.477732793522267,"9102Z",115,2146662,0.995375666257851,"Catégories représentant 5% des données"
"461",0.699186991869919,"1020Z",112,2146774,0.995427599014205,"Catégories représentant 5% des données"
"462",0.595588235294118,"1102B",112,2146886,0.995479531770559,"Catégories représentant 5% des données"
"463",0.541484716157205,"2932Z",109,2146995,0.99553007347094,"Catégories représentant 5% des données"
"464",0.838709677419355,"5812Z",109,2147104,0.99558061517132,"Catégories représentant 5% des données"
"465",0.664092664092664,"1520Z",108,2147212,0.995630693186376,"Catégories représentant 5% des données"
"466",0.786729857819905,"0811Z",107,2147319,0.995680307516107,"Catégories représentant 5% des données"
"467",0.697674418604651,"1320Z",106,2147425,0.995729458160514,"Catégories représentant 5% des données"
"468",0.620689655172414,"3012Z",105,2147530,0.995778145119596,"Catégories représentant 5% des données"
"469",0.535885167464115,"2822Z",104,2147634,0.995826368393354,"Catégories représentant 5% des données"
"470",0.41044776119403,"2825Z",104,2147738,0.995874591667111,"Catégories représentant 5% des données"
"471",0.555555555555556,"3030Z",104,2147842,0.995922814940869,"Catégories représentant 5% des données"
"472",0.654377880184332,"5030Z",103,2147945,0.995970574529301,"Catégories représentant 5% des données"
"473",0.883495145631068,"8413Z",101,2148046,0.996017406747085,"Catégories représentant 5% des données"
"474",0.430622009569378,"2611Z",99,2148145,0.99606331159422,"Catégories représentant 5% des données"
"475",0.418032786885246,"1391Z",97,2148242,0.996108289070705,"Catégories représentant 5% des données"
"476",0.32,"5913B",97,2148339,0.99615326654719,"Catégories représentant 5% des données"
"477",0.512820512820513,"1107B",96,2148435,0.996197780338351,"Catégories représentant 5% des données"
"478",0.7,"2652Z",96,2148531,0.996242294129512,"Catégories représentant 5% des données"
"479",0.794392523364486,"1073Z",94,2148625,0.996285880550024,"Catégories représentant 5% des données"
"480",0.633165829145729,"3250B",94,2148719,0.996329466970535,"Catégories représentant 5% des données"
"481",0.284210526315789,"4612B",94,2148813,0.996373053391047,"Catégories représentant 5% des données"
"482",0.362694300518135,"2829B",93,2148906,0.996416176126234,"Catégories représentant 5% des données"
"483",0.677083333333333,"2399Z",92,2148998,0.996458835176096,"Catégories représentant 5% des données"
"484",0.475247524752475,"5222Z",92,2149090,0.996501494225958,"Catégories représentant 5% des données"
"485",0.373493975903614,"6120Z",92,2149182,0.996544153275821,"Catégories représentant 5% des données"
"486",0.479041916167665,"2573B",91,2149273,0.996586348640359,"Catégories représentant 5% des données"
"487",0.846153846153846,"5040Z",90,2149363,0.996628080319572,"Catégories représentant 5% des données"
"488",0.520547945205479,"2620Z",89,2149452,0.996669348313461,"Catégories représentant 5% des données"
"489",0.694610778443114,"5829B",88,2149540,0.996710152622025,"Catégories représentant 5% des données"
"490",0.508108108108108,"7733Z",86,2149626,0.996750029559939,"Catégories représentant 5% des données"
"491",0.727272727272727,"1084Z",85,2149711,0.99678944281253,"Catégories représentant 5% des données"
"492",0.970059880239521,"0893Z",84,2149795,0.996828392379795,"Catégories représentant 5% des données"
"493",0.493827160493827,"2223Z",84,2149879,0.996867341947061,"Catégories représentant 5% des données"
"494",0.588957055214724,"2712Z",84,2149963,0.996906291514327,"Catégories représentant 5% des données"
"495",0.560439560439561,"5020Z",84,2150047,0.996945241081592,"Catégories représentant 5% des données"
"496",0.695121951219512,"3092Z",82,2150129,0.996983263278209,"Catégories représentant 5% des données"
"497",0.41025641025641,"2630Z",81,2150210,0.997020821789501,"Catégories représentant 5% des données"
"498",0.706586826347305,"2812Z",81,2150291,0.997058380300793,"Catégories représentant 5% des données"
"499",0.468085106382979,"4321B",81,2150372,0.997095938812085,"Catégories représentant 5% des données"
"500",0.777777777777778,"4291Z",80,2150452,0.997133033638052,"Catégories représentant 5% des données"
"501",0.623376623376623,"9004Z",79,2150531,0.997169664778695,"Catégories représentant 5% des données"
"502",0.558139534883721,"2059Z",78,2150609,0.997205832234013,"Catégories représentant 5% des données"
"503",0.590909090909091,"2612Z",78,2150687,0.997241999689331,"Catégories représentant 5% des données"
"504",0.568306010928962,"2830Z",78,2150765,0.997278167144649,"Catégories représentant 5% des données"
"505",0.610778443113772,"2014Z",77,2150842,0.997313870914643,"Catégories représentant 5% des données"
"506",0.890243902439024,"4920Z",77,2150919,0.997349574684636,"Catégories représentant 5% des données"
"507",0.354679802955665,"4941C",77,2150996,0.99738527845463,"Catégories représentant 5% des données"
"508",0.562874251497006,"2910Z",75,2151071,0.997420054853974,"Catégories représentant 5% des données"
"509",0.951724137931035,"8430A",75,2151146,0.997454831253318,"Catégories représentant 5% des données"
"510",0.53968253968254,"5913A",74,2151220,0.997489143967338,"Catégories représentant 5% des données"
"511",0.727272727272727,"6491Z",73,2151293,0.997522992996033,"Catégories représentant 5% des données"
"512",0.635135135135135,"8531Z",73,2151366,0.997556842024728,"Catégories représentant 5% des données"
"513",0.6,"1310Z",72,2151438,0.997590227368099,"Catégories représentant 5% des données"
"514",0.505882352941176,"2120Z",72,2151510,0.997623612711469,"Catégories représentant 5% des données"
"515",0.403846153846154,"1396Z",71,2151581,0.997656534369516,"Catégories représentant 5% des données"
"516",0.628571428571429,"2053Z",70,2151651,0.997688992342237,"Catégories représentant 5% des données"
"517",0.5,"1013A",68,2151719,0.997720522944309,"Catégories représentant 5% des données"
"518",0.538461538461538,"2420Z",68,2151787,0.997752053546381,"Catégories représentant 5% des données"
"519",0.606060606060606,"2572Z",68,2151855,0.997783584148453,"Catégories représentant 5% des données"
"520",0.811188811188811,"8710B",68,2151923,0.997815114750526,"Catégories représentant 5% des données"
"521",0.675862068965517,"1092Z",66,2151989,0.997845717981949,"Catégories représentant 5% des données"
"522",0.496551724137931,"2573A",66,2152055,0.997876321213372,"Catégories représentant 5% des données"
"523",0.797101449275362,"6511Z",66,2152121,0.997906924444795,"Catégories représentant 5% des données"
"524",0.873015873015873,"3513Z",65,2152186,0.997937063990893,"Catégories représentant 5% des données"
"525",0.526315789473684,"2222Z",64,2152250,0.997966739851667,"Catégories représentant 5% des données"
"526",0.594059405940594,"3011Z",64,2152314,0.997996415712441,"Catégories représentant 5% des données"
"527",0.724137931034483,"8710C",64,2152378,0.998026091573215,"Catégories représentant 5% des données"
"528",0.770491803278688,"1091Z",63,2152441,0.998055303748664,"Catégories représentant 5% des données"
"529",0.611940298507463,"1721B",63,2152504,0.998084515924113,"Catégories représentant 5% des données"
"530",0.590476190476191,"1414Z",61,2152565,0.998112800728913,"Catégories représentant 5% des données"
"531",0.58252427184466,"2312Z",60,2152625,0.998140621848389,"Catégories représentant 5% des données"
"532",0.558558558558559,"2931Z",60,2152685,0.998168442967864,"Catégories représentant 5% des données"
"533",0.545454545454546,"2893Z",59,2152744,0.998195800402015,"Catégories représentant 5% des données"
"534",0.8,"4212Z",59,2152803,0.998223157836166,"Catégories représentant 5% des données"
"535",0.92436974789916,"0123Z",58,2152861,0.998250051584992,"Catégories représentant 5% des données"
"536",0.428571428571428,"2733Z",57,2152918,0.998276481648494,"Catégories représentant 5% des données"
"537",0.630630630630631,"2593Z",56,2152974,0.998302448026671,"Catégories représentant 5% des données"
"538",0.654867256637168,"1012Z",54,2153028,0.998327487034199,"Catégories représentant 5% des données"
"539",0.64,"2030Z",54,2153082,0.998352526041727,"Catégories représentant 5% des données"
"540",0.451612903225806,"2221Z",54,2153136,0.998377565049255,"Catégories représentant 5% des données"
"541",0.408602150537634,"5210A",54,2153190,0.998402604056783,"Catégories représentant 5% des données"
"542",0.533333333333333,"9601A",53,2153243,0.998427179378986,"Catégories représentant 5% des données"
"543",0.373333333333333,"2670Z",51,2153294,0.99845082733054,"Catégories représentant 5% des données"
"544",0.545454545454545,"3812Z",50,2153344,0.99847401159677,"Catégories représentant 5% des données"
"545",0.66,"7722Z",50,2153394,0.998497195863,"Catégories représentant 5% des données"
"546",0.593220338983051,"0230Z",49,2153443,0.998519916443904,"Catégories représentant 5% des données"
"547",0.594594594594595,"2599A",48,2153491,0.998542173339485,"Catégories représentant 5% des données"
"548",0.762886597938144,"0116Z",46,2153537,0.998563502864416,"Catégories représentant 5% des données"
"549",0.721649484536083,"1061A",46,2153583,0.998584832389347,"Catégories représentant 5% des données"
"550",0.311688311688312,"2016Z",46,2153629,0.998606161914279,"Catégories représentant 5% des données"
"551",0.536082474226804,"2219Z",46,2153675,0.99862749143921,"Catégories représentant 5% des données"
"552",0.153846153846154,"2349Z",46,2153721,0.998648820964141,"Catégories représentant 5% des données"
"553",0.363636363636364,"4632B",46,2153767,0.998670150489072,"Catégories représentant 5% des données"
"554",0.635294117647059,"1104Z",45,2153812,0.998691016328679,"Catégories représentant 5% des données"
"555",0.590909090909091,"4632C",45,2153857,0.998711882168285,"Catégories représentant 5% des données"
"556",0.613636363636364,"3091Z",43,2153900,0.998731820637243,"Catégories représentant 5% des données"
"557",0.712328767123288,"5224A",43,2153943,0.9987517591062,"Catégories représentant 5% des données"
"558",0.75,"2562A",42,2153985,0.998771233889833,"Catégories représentant 5% des données"
"559",0.804347826086957,"3522Z",42,2154027,0.998790708673466,"Catégories représentant 5% des données"
"560",0.5,"2711Z",41,2154068,0.998809719771774,"Catégories représentant 5% des données"
"561",0.571428571428572,"6020B",41,2154109,0.998828730870082,"Catégories représentant 5% des données"
"562",0.40625,"2849Z",40,2154149,0.998847278283066,"Catégories représentant 5% des données"
"563",0.647887323943662,"1103Z",39,2154188,0.998865362010725,"Catégories représentant 5% des données"
"564",0.595238095238095,"3822Z",39,2154227,0.998883445738384,"Catégories représentant 5% des données"
"565",0.609756097560976,"0312Z",37,2154264,0.998900602095394,"Catégories représentant 5% des données"
"566",0.545454545454546,"2110Z",37,2154301,0.998917758452404,"Catégories représentant 5% des données"
"567",0.579710144927536,"2332Z",36,2154337,0.998934451124089,"Catégories représentant 5% des données"
"568",0.457142857142857,"2015Z",35,2154372,0.99895068011045,"Catégories représentant 5% des données"
"569",0.537313432835821,"9104Z",35,2154407,0.998966909096811,"Catégories représentant 5% des données"
"570",0.885714285714286,"0729Z",34,2154441,0.998982674397847,"Catégories représentant 5% des données"
"571",0.550724637681159,"1712Z",34,2154475,0.998998439698883,"Catégories représentant 5% des données"
"572",0.555555555555555,"2433Z",34,2154509,0.999014204999919,"Catégories représentant 5% des données"
"573",0.444444444444444,"2660Z",34,2154543,0.999029970300955,"Catégories représentant 5% des données"
"574",0.448275862068965,"4664Z",34,2154577,0.999045735601991,"Catégories représentant 5% des données"
"575",0.458333333333333,"1051A",33,2154610,0.999061037217703,"Catégories représentant 5% des données"
"576",0.675,"1200Z",33,2154643,0.999076338833414,"Catégories représentant 5% des données"
"577",0.939393939393939,"0144Z",32,2154675,0.999091176763801,"Catégories représentant 5% des données"
"578",0.382352941176471,"1086Z",32,2154707,0.999106014694188,"Catégories représentant 5% des données"
"579",0.37037037037037,"2829A",32,2154739,0.999120852624575,"Catégories représentant 5% des données"
"580",0.571428571428572,"2892Z",32,2154771,0.999135690554962,"Catégories représentant 5% des données"
"581",0.430769230769231,"5121Z",32,2154803,0.999150528485349,"Catégories représentant 5% des données"
"582",0.654545454545455,"8510Z",32,2154835,0.999165366415736,"Catégories représentant 5% des données"
"583",0.548387096774194,"1041A",31,2154866,0.999179740660798,"Catégories représentant 5% des données"
"584",0.416666666666667,"2651A",31,2154897,0.99919411490586,"Catégories représentant 5% des données"
"585",0.156862745098039,"3317Z",31,2154928,0.999208489150923,"Catégories représentant 5% des données"
"586",0.571428571428571,"2732Z",30,2154958,0.99922239971066,"Catégories représentant 5% des données"
"587",0.571428571428571,"4635Z",30,2154988,0.999236310270398,"Catégories représentant 5% des données"
"588",0.269230769230769,"1722Z",29,2155017,0.999249757144811,"Catégories représentant 5% des données"
"589",0.592592592592593,"2540Z",29,2155046,0.999263204019224,"Catégories représentant 5% des données"
"590",0.555555555555556,"2841Z",29,2155075,0.999276650893638,"Catégories représentant 5% des données"
"591",0.476190476190476,"3523Z",29,2155104,0.999290097768051,"Catégories représentant 5% des données"
"592",0.634920634920635,"4719A",29,2155133,0.999303544642464,"Catégories représentant 5% des données"
"593",0.507462686567164,"1102A",28,2155161,0.999316527831552,"Catégories représentant 5% des données"
"594",0.579710144927536,"1394Z",28,2155189,0.999329511020641,"Catégories représentant 5% des données"
"595",0.5,"6020A",28,2155217,0.99934249420973,"Catégories représentant 5% des données"
"596",0.535714285714286,"2020Z",27,2155244,0.999355013713493,"Catégories représentant 5% des données"
"597",0.25,"2442Z",26,2155270,0.999367069531933,"Catégories représentant 5% des données"
"598",0.48,"2521Z",26,2155296,0.999379125350372,"Catégories représentant 5% des données"
"599",0.610169491525424,"2752Z",26,2155322,0.999391181168812,"Catégories représentant 5% des données"
"600",0.666666666666667,"2011Z",25,2155347,0.999402773301926,"Catégories représentant 5% des données"
"601",0.526315789473684,"2453Z",25,2155372,0.999414365435041,"Catégories représentant 5% des données"
"602",0.409090909090909,"8541Z",25,2155397,0.999425957568156,"Catégories représentant 5% des données"
"603",0.551724137931034,"1411Z",24,2155421,0.999437086015946,"Catégories représentant 5% des données"
"604",0.518518518518519,"1621Z",24,2155445,0.999448214463736,"Catégories représentant 5% des données"
"605",0.478260869565217,"2751Z",24,2155469,0.999459342911526,"Catégories représentant 5% des données"
"606",0.833333333333333,"4213A",24,2155493,0.999470471359317,"Catégories représentant 5% des données"
"607",0.476190476190476,"4711E",24,2155517,0.999481599807107,"Catégories représentant 5% des données"
"608",0.36734693877551,"1061B",23,2155540,0.999492264569573,"Catégories représentant 5% des données"
"609",0.56140350877193,"2320Z",23,2155563,0.999502929332038,"Catégories représentant 5% des données"
"610",0.644067796610169,"3103Z",23,2155586,0.999513594094504,"Catégories représentant 5% des données"
"611",0.851063829787234,"9900Z",23,2155609,0.999524258856969,"Catégories représentant 5% des données"
"612",0.580645161290323,"1511Z",21,2155630,0.999533996248786,"Catégories représentant 5% des données"
"613",0.711111111111111,"2454Z",21,2155651,0.999543733640602,"Catégories représentant 5% des données"
"614",0.372093023255814,"2811Z",21,2155672,0.999553471032419,"Catégories représentant 5% des données"
"615",0.75,"4939C",21,2155693,0.999563208424235,"Catégories représentant 5% des données"
"616",0.25,"6611Z",21,2155714,0.999572945816051,"Catégories représentant 5% des données"
"617",0.54054054054054,"8730B",21,2155735,0.999582683207868,"Catégories représentant 5% des données"
"618",0.486486486486486,"2410Z",20,2155755,0.99959195691436,"Catégories représentant 5% des données"
"619",0.808510638297872,"0127Z",19,2155774,0.999600766935527,"Catégories représentant 5% des données"
"620",0.15,"0163Z",19,2155793,0.999609576956694,"Catégories représentant 5% des données"
"621",0.372093023255814,"1721C",19,2155812,0.999618386977861,"Catégories représentant 5% des données"
"622",0.490566037735849,"2720Z",19,2155831,0.999627196999029,"Catégories représentant 5% des données"
"623",0.682926829268293,"4624Z",19,2155850,0.999636007020196,"Catégories représentant 5% des données"
"624",0.444444444444444,"2821Z",18,2155868,0.999644353356038,"Catégories représentant 5% des données"
"625",0.309859154929577,"0170Z",17,2155885,0.999652236006557,"Catégories représentant 5% des données"
"626",0.580645161290323,"1031Z",17,2155902,0.999660118657075,"Catégories représentant 5% des données"
"627",0.3125,"1412Z",17,2155919,0.999668001307593,"Catégories représentant 5% des données"
"628",0.41025641025641,"2331Z",17,2155936,0.999675883958111,"Catégories représentant 5% des données"
"629",0.391304347826087,"2529Z",17,2155953,0.999683766608629,"Catégories représentant 5% des données"
"630",0.391304347826087,"2813Z",17,2155970,0.999691649259147,"Catégories représentant 5% des données"
"631",0.347826086956522,"6130Z",17,2155987,0.999699531909665,"Catégories représentant 5% des données"
"632",0.96969696969697,"8430C",17,2156004,0.999707414560183,"Catégories représentant 5% des données"
"633",0.473684210526316,"1041B",16,2156020,0.999714833525376,"Catégories représentant 5% des données"
"634",0.48,"1051D",16,2156036,0.99972225249057,"Catégories représentant 5% des données"
"635",0.418604651162791,"1393Z",16,2156052,0.999729671455763,"Catégories représentant 5% des données"
"636",0.258064516129032,"2445Z",16,2156068,0.999737090420957,"Catégories représentant 5% des données"
"637",0.742857142857143,"2362Z",15,2156083,0.999744045700826,"Catégories représentant 5% des données"
"638",0.285714285714286,"2731Z",15,2156098,0.999751000980694,"Catégories représentant 5% des données"
"639",0.3,"8425Z",15,2156113,0.999757956260563,"Catégories représentant 5% des données"
"640",0.571428571428571,"1721A",14,2156127,0.999764447855108,"Catégories représentant 5% des données"
"641",0.785714285714286,"4213B",14,2156141,0.999770939449652,"Catégories représentant 5% des données"
"642",0.382978723404255,"6520Z",14,2156155,0.999777431044196,"Catégories représentant 5% des données"
"643",0.181818181818182,"0899Z",13,2156168,0.999783458953416,"Catégories représentant 5% des données"
"644",0.5,"0910Z",13,2156181,0.999789486862636,"Catégories représentant 5% des données"
"645",0.413793103448276,"8423Z",13,2156194,0.999795514771855,"Catégories représentant 5% des données"
"646",0.6,"0610Z",12,2156206,0.99980107899575,"Catégories représentant 5% des données"
"647",0.461538461538462,"2364Z",12,2156218,0.999806643219645,"Catégories représentant 5% des données"
"648",0.8,"2446Z",11,2156229,0.999811743758216,"Catégories représentant 5% des données"
"649",0.0740740740740741,"2530Z",11,2156240,0.999816844296786,"Catégories représentant 5% des données"
"650",0.342857142857143,"2814Z",11,2156251,0.999821944835357,"Catégories représentant 5% des données"
"651",0.428571428571429,"3020Z",11,2156262,0.999827045373927,"Catégories représentant 5% des données"
"652",0.368421052631579,"4950Z",11,2156273,0.999832145912498,"Catégories représentant 5% des données"
"653",0.444444444444444,"8720B",11,2156284,0.999837246451068,"Catégories représentant 5% des données"
"654",0.470588235294118,"1724Z",10,2156294,0.999841883304314,"Catégories représentant 5% des données"
"655",0.315789473684211,"1811Z",10,2156304,0.99984652015756,"Catégories représentant 5% des données"
"656",0.193548387096774,"3099Z",10,2156314,0.999851157010806,"Catégories représentant 5% des données"
"657",0.25,"1395Z",9,2156323,0.999855330178728,"Catégories représentant 5% des données"
"658",0.235294117647059,"2211Z",9,2156332,0.999859503346649,"Catégories représentant 5% des données"
"659",0.5,"2451Z",9,2156341,0.99986367651457,"Catégories représentant 5% des données"
"660",0.526315789473684,"2592Z",9,2156350,0.999867849682491,"Catégories représentant 5% des données"
"661",0.333333333333333,"2815Z",9,2156359,0.999872022850413,"Catégories représentant 5% des données"
"662",0.4,"2899A",9,2156368,0.999876196018334,"Catégories représentant 5% des données"
"663",0.285714285714286,"1062Z",8,2156376,0.999879905500931,"Catégories représentant 5% des données"
"664",0.375,"1081Z",8,2156384,0.999883614983528,"Catégories représentant 5% des données"
"665",0.19047619047619,"1107A",8,2156392,0.999887324466124,"Catégories représentant 5% des données"
"666",0.285714285714286,"1431Z",8,2156400,0.999891033948721,"Catégories représentant 5% des données"
"667",0.285714285714286,"1622Z",8,2156408,0.999894743431318,"Catégories représentant 5% des données"
"668",0.142857142857143,"2013B",8,2156416,0.999898452913915,"Catégories représentant 5% des données"
"669",0.714285714285714,"2351Z",8,2156424,0.999902162396511,"Catégories représentant 5% des données"
"670",0.75,"2352Z",8,2156432,0.999905871879108,"Catégories représentant 5% des données"
"671",0.111111111111111,"2452Z",8,2156440,0.999909581361705,"Catégories représentant 5% des données"
"672",0.363636363636364,"2894Z",8,2156448,0.999913290844301,"Catégories représentant 5% des données"
"673",0.285714285714286,"2896Z",8,2156456,0.999917000326898,"Catégories représentant 5% des données"
"674",0.0952380952380952,"0164Z",7,2156463,0.99992024612417,"Catégories représentant 5% des données"
"675",0.428571428571429,"1420Z",7,2156470,0.999923491921442,"Catégories représentant 5% des données"
"676",0.4,"1920Z",7,2156477,0.999926737718715,"Catégories représentant 5% des données"
"677",0.470588235294118,"2012Z",7,2156484,0.999929983515987,"Catégories représentant 5% des données"
"678",0.125,"2443Z",7,2156491,0.999933229313259,"Catégories représentant 5% des données"
"679",0.352941176470588,"2823Z",7,2156498,0.999936475110531,"Catégories représentant 5% des données"
"680",0.705882352941176,"0112Z",6,2156504,0.999939257222479,"Catégories représentant 5% des données"
"681",0.333333333333333,"0990Z",6,2156510,0.999942039334426,"Catégories représentant 5% des données"
"682",0.352941176470588,"2052Z",6,2156516,0.999944821446374,"Catégories représentant 5% des données"
"683",0.380952380952381,"2441Z",6,2156522,0.999947603558321,"Catégories représentant 5% des données"
"684",0.285714285714286,"2594Z",6,2156528,0.999950385670269,"Catégories représentant 5% des données"
"685",0.461538461538462,"6411Z",6,2156534,0.999953167782216,"Catégories représentant 5% des données"
"686",1,"2013A",5,2156539,0.999955486208839,"Catégories représentant 5% des données"
"687",0.5,"2051Z",5,2156544,0.999957804635462,"Catégories représentant 5% des données"
"688",0.444444444444444,"2342Z",5,2156549,0.999960123062085,"Catégories représentant 5% des données"
"689",0.25,"4612A",5,2156554,0.999962441488708,"Catégories représentant 5% des données"
"690",NA,"0710Z",4,2156558,0.999964296230006,"Catégories représentant 5% des données"
"691",0.666666666666667,"1106Z",4,2156562,0.999966150971305,"Catégories représentant 5% des données"
"692",0.5,"1711Z",4,2156566,0.999968005712603,"Catégories représentant 5% des données"
"693",0.857142857142857,"2017Z",4,2156570,0.999969860453902,"Catégories représentant 5% des données"
"694",0.5,"2444Z",4,2156574,0.9999717151952,"Catégories représentant 5% des données"
"695",NA,"2591Z",4,2156578,0.999973569936498,"Catégories représentant 5% des données"
"696",0.5,"3291Z",4,2156582,0.999975424677797,"Catégories représentant 5% des données"
"697",0.888888888888889,"3512Z",4,2156586,0.999977279419095,"Catégories représentant 5% des données"
"698",0.4,"6530Z",4,2156590,0.999979134160393,"Catégories représentant 5% des données"
"699",0.75,"0115Z",3,2156593,0.999980525216367,"Catégories représentant 5% des données"
"700",0.666666666666667,"1051B",3,2156596,0.999981916272341,"Catégories représentant 5% des données"
"701",0.166666666666667,"2311Z",3,2156599,0.999983307328315,"Catégories représentant 5% des données"
"702",0.222222222222222,"2391Z",3,2156602,0.999984698384288,"Catégories représentant 5% des données"
"703",0.166666666666667,"2680Z",3,2156605,0.999986089440262,"Catégories représentant 5% des données"
"704",NA,"2824Z",3,2156608,0.999987480496236,"Catégories représentant 5% des données"
"705",NA,"2891Z",3,2156611,0.99998887155221,"Catégories représentant 5% des données"
"706",0.666666666666667,"2895Z",3,2156614,0.999990262608184,"Catégories représentant 5% des données"
"707",0.285714285714286,"0891Z",2,2156616,0.999991189978833,"Catégories représentant 5% des données"
"708",0.666666666666667,"2060Z",2,2156618,0.999992117349482,"Catégories représentant 5% des données"
"709",NA,"2314Z",2,2156620,0.999993044720131,"Catégories représentant 5% des données"
"710",0.5,"2431Z",2,2156622,0.99999397209078,"Catégories représentant 5% des données"
"711",0.5,"8424Z",2,2156624,0.999994899461429,"Catégories représentant 5% des données"
"712",0.5,"8690C",2,2156626,0.999995826832079,"Catégories représentant 5% des données"
"713",NA,"0510Z",1,2156627,0.999996290517403,"Catégories représentant 5% des données"
"714",NA,"0620Z",1,2156628,0.999996754202728,"Catégories représentant 5% des données"
"715",NA,"0892Z",1,2156629,0.999997217888052,"Catégories représentant 5% des données"
"716",0.666666666666667,"2343Z",1,2156630,0.999997681573377,"Catégories représentant 5% des données"
"717",0.5,"2344Z",1,2156631,0.999998145258702,"Catégories représentant 5% des données"
"718",NA,"2365Z",1,2156632,0.999998608944026,"Catégories représentant 5% des données"
"719",0.666666666666667,"2432Z",1,2156633,0.999999072629351,"Catégories représentant 5% des données"
"720",0.666666666666667,"3040Z",1,2156634,0.999999536314675,"Catégories représentant 5% des données"
"721",0.5,"8422Z",1,2156635,1,"Catégories représentant 5% des données"
